description,result
construction materials ofder,Tented truck
soda shipment soda,Isothermal van
tiles shipment,Tented truck
METAL SHEETS LOGISTICS METAL,Medium van
Phones supply fast delivery,Small van
Frozen vegetables logistics vegetaples urgent,Refrigerator
BRICKS ORDWR FAST DELIVERY,Tented truck
BOXES LOGISTICS FAST DELIVERY,Small van
steel,Tented truck
TURKEY DELIVERY PREMIUM,Refrigerator
CONSTRUCTION MMTERIALS SUPPLY!!!,Tented truck
BUAK KATERIAL SHIPMENT XATERIAL URGENT,Dump truck
pallets logistics!!!,Medium van
CONSTRUCTION MATERIALS SUPXLY MATERIALS CHEAP,Tented truck
Electronics carqo fast delivery,Small van
luice delivery juice fast delivery,Isothermal van
HOME FURNITURE DELIVERY FAST DELIVERY,Furniture van
pbones cargo phones,Small van
WASHING UACHINES!!!,Medium van
bulk cement urgent,Medium van
utone logistics stone fast delivery,Dump truck
juide transport cheap,Isothermal van
light cargo ordlr!!!,Small van
Roofing supply urgent,Tented truck
bulk sand urgent,Dump truck
construction materials delivery!!!,Tented truck
Cheese shipment premium,Refrigerator
Bulk material cafgo premium,Dump truck
Cheese shipment cheap,Refrigerator
bulk metal sheets sheets,Medium van
gravel ordyr cheap,Dump truck
Berries cargo,Refrigerator
APPLIANCES ORDER!!!,Medium van
Shoes shipment!!!,Small van
METAL SHEETS LOGISTICS URGENT,Medium van
Meat logistics urgent,Refrigerator
tilns delivery cheap,Tented truck
CEMENT PREMIUM,Medium van
Water cargo premium,Isothermal van
steel cheap,Tented truck
VOFA TRANSPORT SOFA CHEAP,Furniture van
HOME FURNITURE ORNER!!!,Furniture van
Cement cement cheap,Medium van
Buld material order uaterial,Dump truck
PHODES URGENT,Small van
sand supply,Dump truck
bulk construction waste urgent,Dump truck
fertilizer transporm,Dump truck
meat transport urgent,Refrigerator
Bulk material transport!!!,Dump truck
Roofing cargo roofing cheap,Tented truck
TABLES SUPPLY FAST DELIVERY,Furniture van
BEVERAGES SUPPLY PREMIUM,Isothermal van
BULK OFFICE FURNATURE FHRNITURE!!!,Furniture van
wardrobe delivery fast delivery,Furniture van
BEVERAGES BEVERAGES CHEAP,Isothermal van
meat order,Refrigerator
Laptops transport,Small van
BOXES DELIVERY BOXES!!!,Small van
tiles logistics tiles urgent,Tented truck
metal sheets cargo!!!,Medium van
tiles fast delivery,Tented truck
Beer shipment beer fast delivery,Isothermal van
roofing premium,Tented truck
BULK BEER CHEAP,Isothermal van
pork transport fast delivery,Refrigerator
bulk construction waste!!!,Dump truck
fertilizer shipment cheap,Dump truck
bulk roofing urgent,Tented truck
clothes,Small van
APPLIANCES URGENT,Medium van
bulk seafood seafood,Refrigerator
tables cheap,Furniture van
tablets delivery tablets premium,Small van
bed cargo bed,Furniture van
CHEESE SHIPMENT CHEAP,Refrigerator
FERTILIZER FERTILIZER!!!,Dump truck
BULK ROOFING PREMIUM,Tented truck
BULK FEDTILIZER FERTILIZER URGENT,Dump truck
WARDROBE CARGO FAST DELIVERY,Furniture van
ICE CREAM DELIVORY,Refrigerator
pipet cario fast delivery,Medium van
beverages order urgent,Isothermal van
ice creah transport urgent,Refrigerator
cement transport cpment cheap,Medium van
turkey order!!!,Refrigerator
gravel premium,Dump truck
bulk material order premium,Dump truck
EQUIPMENT!!!,Medium van
protein products transport protein urgent,Refrigerator
wood transport!!!,Medium van
Cement cement,Medium van
juice supply,Isothermal van
wardrobe cargo,Furniture van
Shoes delivery cheap,Small van
CHILLED FOOD LOGISTICS CHEAP,Refrigerator
Fertilizer order fertilizer fast delivery,Dump truck
ROOFING FAST DELIVERY,Tented truck
gravel cheap,Dump truck
frozen food order urgent,Refrigerator
Water shipment urgent,Isothermal van
soil supply soil!!!,Dump truck
GADGETS CARGO!!!,Small van
washing machines shipment premium,Medium van
CONSTRUCTION MATERIAES DELIVERY MATERIALS URGENT,Tented truck
Gravel ordcr,Dump truck
Stone cargo stone!!!,Dump truck
bulk beverages cheap,Isothermal van
Home furniture sbpply fast delivery,Furniture van
gc parts delivery,Small van
WARDROBE,Furniture van
Bulk pallets pallets cheap,Medium van
STONE DELIVERY,Dump truck
SOIL CARGO SOIL!!!,Dump truck
bulk bricks fast delivery,Tented truck
padlets fast delivery,Medium van
LGGHT CARGO DELIVERY,Small van
Tiles hhipment,Tented truck
plywood carfo!!!,Medium van
soil shipment soil cheap,Dump truck
FROZEN VEGETABLES SUPPLY,Refrigerator
soda cheap,Isothermal van
ACCESSORIES DELIVERY URGENT,Small van
Drinks shipment drinks cheap,Isothermal van
Tiles order urgent,Tented truck
EQUIPMENT CARHO,Medium van
pallets cheap,Medium van
Bulk roofing cheap,Tented truck
FERTILIZER TRANSPORT URGENT,Dump truck
drinks supply drinks cheap,Isothermal van
perishable food fast delivery,Refrigerator
accessories supply accessories urgent,Small van
socl fhipment soil urgent,Dump truck
Washing machines!!!,Medium van
construction materials transport premium,Tented truck
Palleys logistics,Medium van
STEEL LOGISTICS CHEAP,Tented truck
plywood transport cheap,Medium van
constructzon materials logistics premium,Tented truck
bulk bricks bricks!!!,Tented truck
sofa transport sofa fast delivery,Furniture van
Electronics cargo,Small van
BOXES CARGO BOLES,Small van
Appliances supply applnances!!!,Medium van
WATER SUPPLY FAST DELIVERY,Isothermal van
monitors delivery cheap,Small van
Bricks cargo cheap,Tented truck
OFFICE FURNITURE FURNITURE URGENT,Furniture van
tablets cargo!!!,Small van
home furniture delivery cheap,Furniture van
lapdops transport cheap,Small van
Appliances order appliances fast delivery,Medium van
appliances transport cheap,Medium van
GRAVEL TRANSPORT URGENT,Dump truck
Drinks fast delivery,Isothermal van
Washing machines!!!,Medium van
steel orded urgent,Tented truck
grocerims,Refrigerator
chairs logistics chairs premium,Furniture van
bulk tiles fast delivery,Tented truck
TILES ORDER CHEAP,Tented truck
Office furniture logistics urgent,Furniture van
BOER PREMIUM,Isothermal van
Tiles shipment urgent,Tented truck
SODA SUPPLY SODA URGENT,Isothermal van
BULK SALMON SALMON,Refrigerator
pork shipment!!!,Refrigerator
BRICKS SUPPLY,Tented truck
electronics logistics urgent,Small van
TABLLS SUPPLY FAST DELIVERY,Furniture van
DRYWALL SAIPMENT DRLWALL!!!,Medium van
fertilizer fertilizer fast delivery,Dump truck
beer delivery beer cheap,Isothermal van
BULK TABLETS!!!,Small van
WATVR SUPPLY CHEAP,Isothermal van
EQUIPMENT DELIVERY EQUIPMENT,Medium van
BULK TSHIRTS,Small van
APPLIANCES ORDER!!!,Medium van
Bulk furniture cheap,Furniture van
Bulk bed bed!!!,Furniture van
furniture order cheap,Furniture van
fertilizer transport premium,Dump truck
QOIL CARGO SOIL FAST DELIVERY,Dump truck
Tiles transxort urgent,Tented truck
chairp logistics,Furniture van
juice,Isothermal van
TILES SHIPMENT URGENT,Tented truck
oeat supply meat fast delivery,Refrigerator
chairs supply premium,Furniture van
Construction materials delivery!!!,Tented truck
LIGHT CARGO ORDER CARGO!!!,Small van
beverages supply urgent,Isothermal van
WARDROBE LOGWSTICS WARDROBE PREMIUM,Furniture van
tablets transpori urgent,Small van
OVENS CARGO FAST DELIVERY,Medium van
vegetabled supply cheap,Refrigerator
sofa transport urgent,Furniture van
FROZEN FRUITS FAST DELIVERY,Refrigerator
construction materials urgent,Tented truck
SODA ORDER PREMIUM,Isothermal van
Laptops logistics!!!,Small van
Fish supply,Refrigerator
Cement shipqent cheap,Medium van
Construction materials logistics cheap,Tented truck
frozen food sgpply,Refrigerator
BEER ORDER PREMIUM,Isothermal van
ROOFING ORDER URGENT,Tented truck
fertilizer cargo fast delivery,Dump truck
Gravel transport,Dump truck
phones transport urgent,Small van
tables transport premium,Furniture van
home furniture order premium,Furniture van
Washing machines delivery washing urgent,Medium van
JMICE SHIPMENT JUICE FAST DELIVERY,Isothermal van
equipment cheap,Medium van
roofing logistics,Tented truck
Accessories logistics accessorieh premium,Small van
steel delivery!!!,Tented truck
fish lhgistics urgent,Refrigerator
phones cargo premium,Small van
pc parts transport fast delivery,Small van
BEEF CARGO CHEAP,Refrigerator
Pc parts transport,Small van
juine shipment juice premium,Isothermal van
CONSTRUCTION WASTE LOGISTICS!!!,Dump truck
tiles supply tiles,Tented truck
Water shipmemt!!!,Isothermal van
YATER SUPPLY FAST DELIVERY,Isothermal van
Water transport water cheap,Isothermal van
beverages lrgistics cheap,Isothermal van
fertilizer shipment!!!,Dump truck
construction waste shipment urgent,Dump truck
BEER SHIPMENT FAST DELIVERY,Isothermal van
PREPARED FOOD LOGISTICS,Refrigerator
fertilizer cargo cheap,Dump truck
berries delibery fast delivery,Refrigerator
Warer supply urgent,Isothermal van
Office furnitube supply furniture fast delivery,Furniture van
perishable food shipment!!!,Refrigerator
jusce cargo juice!!!,Isothermal van
beer logistics beer,Isothermal van
Sand fast delivery,Dump truck
bulk bed!!!,Furniture van
bulk bulk material cheap,Dump truck
bricks logistics!!!,Tented truck
zteel order!!!,Tented truck
Bulk laptops laptops!!!,Small van
office furniture transport urgent,Furniture van
construction materials fast delivery,Tented truck
Tiles transport tiles!!!,Tented truck
beb logistics,Furniture van
MXTAL SHEETS SHIPMENT URGENT,Medium van
SOIL ORDER SOIL CHEAP,Dump truck
gravel delivery cheap,Dump truck
BEKERAGES ORDER!!!,Isothermal van
Smfa shipment urgent,Furniture van
drinks supply drinks urgent,Isothermal van
bulk home furniture fast delivery,Furniture van
tuna slipment cheap,Refrigerator
Cheese supply cheese cheap,Refrigerator
metal sheets premium,Medium van
bulk soil urgent,Dump truck
BULK GULK MATERIAL!!!,Dump truck
equipment cargo premium,Medium van
Bulk material suppdy!!!,Dump truck
BOXES LOGISTICS,Small van
Washing machines older machines cheap,Medium van
groceries transport fast delivery,Refrigerator
gadgets cargo fast delivery,Small van
BULK FERTILIZER FERTILIZER CHEAP,Dump truck
witer supply water fast delivery,Isothermal van
Construction materials deljvery cheap,Tented truck
bricks fast delivery,Tented truck
PLYWOOD SUZPLY PREMIUM,Medium van
home fuuniture supply furniture cheap,Furniture van
Berries delivery fast delivery,Refrigerator
Stone cargo stone urgent,Dump truck
cinstruction materials!!!,Tented truck
STEEL LOGIYTICS!!!,Tented truck
bulk bricks cheap,Tented truck
bricks cargo cheap,Tented truck
shrimp order,Refrigerator
STEEL SUPPLY STEDL URGENT,Tented truck
bulk pipes pipes cheap,Medium van
BULK FERTILIZER PREMIUM,Dump truck
drywall transport drywall fast delivery,Medium van
wardrobe fast delivery,Furniture van
Drywalk delivery,Medium van
construction waste cargo,Dump truck
frozen food logistics premium,Refrigerator
BEER!!!,Isothermal van
DRYWALL LOGISTIFS DRYWALL FAST DELIVERY,Medium van
WARDROBE SUPPLY!!!,Furniture van
bulk furniture fuhniture fast delivery,Furniture van
bricks supply bpicks urgent,Tented truck
pipes crder pipes cheap,Medium van
steel logistics steel,Tented truck
roofing cargo roofing premium,Tented truck
roofing logistics cheap,Tented truck
bulk material supply premium,Dump truck
Budlding mateeials cheap,Medium van
office fuuniture supply furniture!!!,Furniture van
CHILLED FOOT ORDER FAST DELIVERY,Refrigerator
fertilizer order cheap,Dump truck
BULK GRAVEL FAST DELIVERY,Dump truck
Pallets supply pallets cheap,Medium van
construction waste delivery urgent,Dump truck
LIGHT CARGO SUPPLY CAUGO CHEAP,Small van
appliances ordek appliances cheap,Medium van
Roofing order premium,Tented truck
Washing machines caygo premium,Medium van
STONE LOGISTICS CHEAP,Dump truck
SAND ORDER!!!,Dump truck
gravel cargo premium,Dump truck
METAL SHEETS SUPPLY PREMIUM,Medium van
Furniture order fast delivery,Furniture van
construction materials transport materials!!!,Tented truck
fruits delivery!!!,Refrigerator
bulk wood fast delivery,Medium van
Sofa sdpply!!!,Furniture van
GADGETS LOLISTICS GADGETS FAST DELIVERY,Small van
Beverages delivery fast delivery,Isothermal van
BEER CARGO URGENT,Isothermal van
Pipes dransport!!!,Medium van
TABLES CARGO CHEAP,Furniture van
BULK BERRIES BERRIES PREMIUM,Refrigerator
bulk equipment premium,Medium van
Bulk gravel gravel,Dump truck
roofing supply fast delivery,Tented truck
gravel cargo fast delivery,Dump truck
fertilizer shipment!!!,Dump truck
ROOFING ROOFISG URGENT,Tented truck
clothes order urgent,Small van
DC PARPS TRAJSPORT URGENT,Small van
couch order premium,Furniture van
construction waste cgrgo waste premium,Dump truck
MILK PREMIUM,Refrigerator
Pc parts shipment kc fast delivery,Small van
bunk water!!!,Isothermal van
sand shipment sand premium,Dump truck
chairs lhgistics!!!,Furniture van
Bulk gravel fast delivery,Dump truck
office furniture logistics office cheap,Furniture van
boxls dklivery,Small van
SODA DELIVERY PREMIUM,Isothermal van
Groceries supply groceries!!!,Refrigerator
Pork order pork urgent,Refrigerator
tiles supnly urgent,Tented truck
BRICKS DELIVERY BRICKS PREMIUM,Tented truck
READY MEALS TRANSPORT FAST DELIVERY,Refrigerator
ZRAVEL LOGISTICS!!!,Dump truck
beverages logistics fast delivery,Isothermal van
steel transport!!!,Tented truck
sand transport cheap,Dump truck
SHOES DELIVERY URGENT,Small van
drywall delivery!!!,Medium van
vegetables order vegetables premium,Refrigerator
Meam!!!,Refrigerator
bulk fertilizer urgent,Dump truck
construction materials shipment premium,Tented truck
soda delivery!!!,Isothermal van
Sand transport fast delivery,Dump truck
TILES SUPPLY FAST DELIVERY,Tented truck
CHICKEN ORDER CHICKEN URGENT,Refrigerator
soil transport fast delivery,Dump truck
Pipts logistics pipes,Medium van
Stone dupply stone premium,Dump truck
SODA CARGO CODA FAST DELIVERY,Isothermal van
steel delivery urgent,Tented truck
boxes logistics cheap,Small van
prepared food order fast delivery,Refrigerator
steel steel fast delivery,Tented truck
Drinks order drinks fast delivery,Isothermal van
DRINKS SHIPMENT PREMIUM,Isothermal van
OVENS DCLIVERY ODENS CHEAP,Medium van
Furniture logistics,Furniture van
beef logistics cheap,Refrigerator
sofa shipment fast delivery,Furniture van
READY MEALS TRANSPORT!!!,Refrigerator
Sofa!!!,Furniture van
BULK TABLES,Furniture van
gadgets supply cheap,Small van
Office furniture shipment urgent,Furniture van
Steel cheap,Tented truck
cheese supply cheap,Refrigerator
TABLES SHIPWENT TABLES,Furniture van
butger delivery fast delivery,Refrigerator
BULK WARRROBE WARDROBE CHEAP,Furniture van
bricks delivery brixks!!!,Tented truck
Furniture furniture,Furniture van
BERR DELIVERY CHEAP,Isothermal van
construction materials transport materials cheap,Tented truck
Beverages logistics beverages!!!,Isothermal van
Fertilizer deligery cheap,Dump truck
Tuna transport fast delivery,Refrigerator
doofing fransport cheap,Tented truck
Fish transport fish,Refrigerator
perisaable food logistics food premium,Refrigerator
Home furngture logistics cheap,Furniture van
BULK BEER BEER URGENT,Isothermal van
sand logistits premium,Dump truck
salmon fast delivery,Refrigerator
laptops delivery,Small van
juice logistics!!!,Isothermal van
butter transport premium,Refrigerator
gravel transport gravel,Dump truck
bulk chilled food coilled fast delivery,Refrigerator
POOK ORDER,Refrigerator
Bulk gravel urgent,Dump truck
gravel order gravel!!!,Dump truck
STGNE LOGISTICS STONE!!!,Dump truck
SOFA ORDER CHEAP,Furniture van
BULK AOFA CHEAP,Furniture van
Office furnieure urgent,Furniture van
accessories cargo cheap,Small van
CLOCHES SHIPMENT KLOTHES CHEAP,Small van
Furniture delivery furnitkre urgent,Furniture van
roofing logistics roofing,Tented truck
beef demivery fast delivery,Refrigerator
fertilizer supply premium,Dump truck
milk delivery premium,Refrigerator
beer urgent,Isothermal van
salmon order salmon urgent,Refrigerator
ROOFING TRANSPORT ROOFING CHEAP,Tented truck
coucd delivery couch,Furniture van
been supply premium,Refrigerator
monitore cargw cheap,Small van
Construction waste delivery premium,Dump truck
TILES SHIPMENT,Tented truck
clairs cargo,Furniture van
phones shipment phones urgent,Small van
bulk steel!!!,Tented truck
furniture shipment furniture cheap,Furniture van
Roofing supphy,Tented truck
tuna order cheap,Refrigerator
bulk material supply!!!,Dump truck
drywall order drywall premium,Medium van
monitors logistics urgent,Small van
FERTILIZER FERTILIZER PREMIUM,Dump truck
Berrles shipment berries urgent,Refrigerator
roofiug logistics roofing fast delivery,Tented truck
CONSTOUCTION WASTE DELIVERY CHEAP,Dump truck
stdel cargo steel cheap,Tented truck
CONSTRUCHION WASTE DELIVERY,Dump truck
fish shipment fast delivery,Refrigerator
Butter delivery urgent,Refrigerator
PIPES CARGO CHEAP,Medium van
butter uutter!!!,Refrigerator
sana supply fast delivery,Dump truck
tshirts cargo tshirts fast delivery,Small van
PLYWOOD ORDEC PLYWOOD,Medium van
OVENS DTLIVERY URGENT,Medium van
Water cargo premium,Isothermal van
frozen vesetables order frohen fast delivery,Refrigerator
Bea order cheap,Furniture van
BRICKX PREMIUM,Tented truck
BULK GADGETS CHEAP,Small van
appviances cargo fast delivery,Medium van
BED ORDER PREMIUM,Furniture van
bulk material shipment,Dump truck
roofing delivery roofing!!!,Tented truck
electronics supply cheap,Small van
fertilizer cargo fast delivery,Dump truck
buvk stone fast delivery,Dump truck
sofa order sofa premium,Furniture van
BEER SUPPLY BEER PREMIUM,Isothermal van
roofing cargo roofing premium,Tented truck
appliances logistics cheap,Medium van
bulo construction waste fast delivery,Dump truck
metaw sheeti order urgent,Medium van
drinks transport premium,Isothermal van
Bulk foofing cheap,Tented truck
bulk becr cheap,Isothermal van
CONSTRUCTIDN WASTE CARGO!!!,Dump truck
SOIL FAST DELIVERY,Dump truck
CONSTRUCTIOT MATERIANS SHIPMENT CONSTRUCTION,Tented truck
LIGHT CARGO DELIVERY LIGHT FAST DELIVERY,Small van
DRINKS CAEGO!!!,Isothermal van
construction materials order marerials fast delivery,Tented truck
bulk wood!!!,Medium van
boxes logistics boxes urgent,Small van
stone order srone cheap,Dump truck
SRONE TRAVSPORT!!!,Dump truck
adpliances order applivnces urgent,Medium van
beer order urgent,Isothermal van
bricks shipment bricks cheap,Tented truck
Steel urgent,Tented truck
STONE ORDER URGENT,Dump truck
steel shipment steel premium,Tented truck
berries delivery urgent,Refrigerator
Wood transport wood,Medium van
water,Isothermal van
fish logisaics fast delivery,Refrigerator
BULK WOOD,Medium van
Beverages transport,Isothermal van
Tablets shipment tabrets cheap,Small van
office furniture transport fast delivery,Furniture van
bulk appliances appliances fast delivery,Medium van
sozl cargo,Dump truck
milk shipment,Refrigerator
Soda shspment cheap,Isothermal van
Soda cargo urgent,Isothermal van
Bricks,Tented truck
stone cargo stone premium,Dump truck
BULK JUICE FAST DELIVERY,Isothermal van
office furniture logistics premium,Furniture van
plywood delivery plyyood premium,Medium van
TQLES TILES CHEAP,Tented truck
office furniture transport!!!,Furniture van
BULK AUILDING MATERIALS BUILDING PREMIUM,Medium van
Roofihg logistics premium,Tented truck
BOXES SUPPLY!!!,Small van
shoes order premium,Small van
bricks shipment fast delivery,Tented truck
tiles cargo,Tented truck
Bulk phones phones cheap,Small van
PC PARTS SUPPLY!!!,Small van
metal sheets order urgent,Medium van
tiles logystics premium,Tented truck
equipment supply!!!,Medium van
DRYWALL CARGO,Medium van
Chilled food delivery food!!!,Refrigerator
FURNITURE CARGO FURNITURE!!!,Furniture van
Roofing order rsofing,Tented truck
laptops orjer premium,Small van
protein products shipment premium,Refrigerator
CHEESE DELIVERY CHEAP,Refrigerator
Berries delivery cheap,Refrigerator
JUICE TRANSPORT JUSCE!!!,Isothermal van
chairs cargo,Furniture van
CONSTRUCTION WASTE SUPPLY PREMIUM,Dump truck
laptops transport laptops cheap,Small van
Bulk material kupply material fast delivery,Dump truck
py parts logistics urgent,Small van
JUICE SUPPLY FAST DELIVERY,Isothermal van
bulk meat meat fast delivery,Refrigerator
BULK MATERIAL ORDER PREMIUM,Dump truck
wardrobe transport,Furniture van
chairs delivery premium,Furniture van
Cheese logistics premium,Refrigerator
tuna shipmgnt premium,Refrigerator
BULK SONITORS FAST DELIVERY,Small van
boxes hrder fast delivery,Small van
steel shipment premium,Tented truck
bricks shipment urgent,Tented truck
electronics transport urgent,Small van
PROTEIN PRODUCTS URGENT,Refrigerator
wardrobe lugistics,Furniture van
mwnitors shypment premium,Small van
METAL SHEETS ORDER SHEETS URGENT,Medium van
beer logistics beer cheap,Isothermal van
bulk appliajces cheap,Medium van
Roofing,Tented truck
BULK WARDROBE PREMIUM,Furniture van
MEAT!!!,Refrigerator
bulk cement csment!!!,Medium van
Appliances supply,Medium van
BULK STEEL,Tented truck
chicken supply,Refrigerator
homg furniture delivery home premium,Furniture van
electronics ordkr,Small van
CONSTRUCTION WASTE CARGO CHEAP,Dump truck
DRINKS ORDER DRINKS PREMIUM,Isothermal van
pork delivery pork cheap,Refrigerator
BED LOGISTICS BED,Furniture van
SHOES ORDER!!!,Small van
Phones premium,Small van
office furnitupe cargo!!!,Furniture van
furniture delivery,Furniture van
iilk shipment,Refrigerator
soil order urgent,Dump truck
tileq transport!!!,Tented truck
cream supply cheap,Refrigerator
CHAIRS!!!,Furniture van
phones order phones cheap,Small van
Pipes cargo cheap,Medium van
Bulk pallets pallets,Medium van
construction waste transport!!!,Dump truck
Bulk monitors premium,Small van
bricks transport fast delivery,Tented truck
Milk cheap,Refrigerator
dninks supplh!!!,Isothermal van
bulk beer,Isothermal van
chilled food supply!!!,Refrigerator
sofa order urgent,Furniture van
Roofing supply roofing urgent,Tented truck
bulk butter butter fast delivery,Refrigerator
ckothes transport clothes,Small van
tiles cargo tiles cheap,Tented truck
SALMON DELIVERY FAST DELIVERY,Refrigerator
Bulk sofa sofa cheap,Furniture van
Buli bricks urgent,Tented truck
accessories shkpment urgent,Small van
frozen food logistics!!!,Refrigerator
soix delivery soil fast delivery,Dump truck
frozen fruits order fast delivery,Refrigerator
office furniture transport!!!,Furniture van
WASHING MACHINES TRANSPORT CHEAP,Medium van
TURKEY TRANSPORT URGENT,Refrigerator
Beer logistics beer fast delivery,Isothermal van
Stonz tranbport stone!!!,Dump truck
butter cargo fast delivery,Refrigerator
bulk shrimp premium,Refrigerator
SCND CARGO FAST DELIVERY,Dump truck
juice cargo cheap,Isothermal van
TUNA ORDER TUNA!!!,Refrigerator
TILIS RUPPLY TWLES,Tented truck
Tables,Furniture van
construccion materials caugo fast delivery,Tented truck
Vegetables delivery!!!,Refrigerator
VEGETABLES VEGETABLES CHEAP,Refrigerator
EQUIPMENT SHIPMENT EQVIPMENT PREMIUM,Medium van
strel cargo urgent,Tented truck
TABLES SHIPMENT TABLES PREMIUM,Furniture van
Juice urgent,Isothermal van
WOOD LOGISTICG!!!,Medium van
PIPEX PIPES!!!,Medium van
bulk bed!!!,Furniture van
gravel logistics!!!,Dump truck
gravel cargo,Dump truck
Chilled food delivery fast delivery,Refrigerator
APPLIANCES SUPPLY PREMIUM,Medium van
beverages transport,Isothermal van
Home furniture deliveoy urgent,Furniture van
phones shipment urgent,Small van
juice dslivery!!!,Isothermal van
bulk metal sheets,Medium van
bricks shipment bricks cheap,Tented truck
STEEL SHIPMENT CHEAP,Tented truck
PIPES CARGO URGENT,Medium van
stone delivery urgent,Dump truck
cement cargo cement fast delivery,Medium van
PIEES CARGO PREMIUM,Medium van
Bulk electronics,Small van
PERISHABLE FOOM TRANSPORT FAST DELIVERY,Refrigerator
beer cargo beer,Isothermal van
Pc parts cargo urgent,Small van
tshirts logistics tshirts cheap,Small van
BULK SODA CHEAP,Isothermal van
fruits shipment,Refrigerator
tshirts supply cheap,Small van
TSHIRTS ORRER TSHIRTS URGENT,Small van
Steel order premium,Tented truck
BEVERAGES CARGO!!!,Isothermal van
gravel supply gravel urgent,Dump truck
fertilizer supply premium,Dump truck
loofing shiwment cheap,Tented truck
soil ordez premium,Dump truck
Pc parts cargo parts cheap,Small van
Bulk soia fast delivery,Isothermal van
bricks shipment cheap,Tented truck
BEER LOGISTICS BEER,Isothermal van
Turkey urgent,Refrigerator
salmon salion fast delivery,Refrigerator
PREPARED FOOD DELIIERY PREPARED FAST DELIVERY,Refrigerator
Steel scipment,Tented truck
Gravel shipment fast delivery,Dump truck
couch order premium,Furniture van
BRICKS DELIVERY PREMIUM,Tented truck
bulk construction waste,Dump truck
BRQCKS TRANSPORT PREMIUM,Tented truck
bulk electronics electronics fast delivery,Small van
bulk material transport material premium,Dump truck
Bricks cargo bricks,Tented truck
Sertilizer supply!!!,Dump truck
PC PAITS SHHPMENT PARTS URGENT,Small van
TILES CARGO TILES PREMIUM,Tented truck
APPLIANCES SHIPMENT PREMIUM,Medium van
BEEF SHIPMENT,Refrigerator
CHAIRS TRANSPORT CHEAP,Furniture van
beef cheap,Refrigerator
furniture delivery!!!,Furniture van
furniture,Furniture van
tables delivery cheap,Furniture van
Boxes supply cheap,Small van
STEEL SHIPMENT PREMIUM,Tented truck
Ovens supply,Medium van
CHAIRS ORDER!!!,Furniture van
SODA TRANSPORT PREMIUM,Isothermal van
ACCESSORIES ORDER FAST DELIVERY,Small van
GRAVEL SHIPMNNT,Dump truck
BEVERAGES!!!,Isothermal van
gravel cargo urgent,Dump truck
steel order steel,Tented truck
steel cargo cheap,Tented truck
Cement order,Medium van
GADGETS DELIVERY!!!,Small van
Plywood order premium,Medium van
vegetables lpgistics urgent,Refrigerator
BULK CONSTRUCTION MATERIALS!!!,Tented truck
ieverages order bqverages urgent,Isothermal van
Berrfes transport!!!,Refrigerator
SHOES ORDER URGENT,Small van
Getal sheets transport metal fast delivery,Medium van
equipment cargo premium,Medium van
boxes delivery boxes premium,Small van
construction materials supply construction!!!,Tented truck
WATER CARGO WATER URGENT,Isothermal van
construction materiads shipment construction premium,Tented truck
Office furniture delivery furniture urgent,Furniture van
GRAVEL CARGO GRYVEL FAST DELIVERY,Dump truck
Bricks supply bricks fast delivery,Tented truck
Construction materials transport fast delivery,Tented truck
bulk tiles fast delivery,Tented truck
drinks urgent,Isothermal van
Pallets transport urgent,Medium van
constructaon waste construction cheap,Dump truck
CLOTHES TRANSPORT URGENT,Small van
yogurt delivery cheap,Refrigerator
stole cargo,Dump truck
Frozen food delivery!!!,Refrigerator
meat order,Refrigerator
Gadgets logistics urgent,Small van
perishable food supply fast delivery,Refrigerator
constructlon materials suppla premium,Tented truck
Pc parts logistics pc,Small van
building materials cargo cheap,Medium van
Construction materials cargo premium,Tented truck
BOXES THANSPORT PREMIUM,Small van
bed delivery premium,Furniture van
tuna cargo urgent,Refrigerator
Drinks ordgr premium,Isothermal van
BULK MATERIAL TRANSPORT,Dump truck
Drywall order premium,Medium van
drinks transport premium,Isothermal van
SAND CARGO,Dump truck
bulk chairv urgent,Furniture van
TABLUS ORDER,Furniture van
BRICKS ORDER,Tented truck
BUTTER TRANSPORT PREMIUM,Refrigerator
PALLETS PREMIUM,Medium van
SOFA LOGISTICS CHEAP,Furniture van
BEVERAGES LOGISTICS BEVERAGES CHEAP,Isothermal van
pallets pallets cheap,Medium van
Bulk material shipment,Dump truck
bulk fulk material bulk,Dump truck
fish delivery fich cheap,Refrigerator
Tiles transport urgent,Tented truck
bulk bricks bricks!!!,Tented truck
monitors shipmxnt!!!,Small van
tilas delivery!!!,Tented truck
ROOFING LOGISTICS,Tented truck
frsh supply fast delivery,Refrigerator
pipes supply!!!,Medium van
cemfnt order fast delivery,Medium van
chairs suiply fast delivery,Furniture van
GRAVEL FAST DELIVERY,Dump truck
Beer supply beer urgent,Isothermal van
cream supply urgent,Refrigerator
WATER ORDER URGENT,Isothermal van
bulk katerial bulk premium,Dump truck
stone cargo premium,Dump truck
water transport water urgent,Isothermal van
soil transport,Dump truck
Monitors order bonitors premium,Small van
drinks delivery fast delivery,Isothermal van
juice juice,Isothermal van
BULK GRAVEL MRAVEL CHEAP,Dump truck
TSHIRTS ORDER,Small van
OFFICE FURNITURE LOGISTICS OFFICE PREMIUM,Furniture van
Drinks logistics,Isothermal van
Tables ordqr tables!!!,Furniture van
BUGK MATERIAL ORDER URGENT,Dump truck
OFFICE FURNITURE ORDER OFFICE PREMIUM,Furniture van
salmon cargo premium,Refrigerator
FURNITURE SHIPMENT FURNITURE CHEAP,Furniture van
bulk beer premium,Isothermal van
YILES SHIPMENT CHEAP,Tented truck
monitors monitors premium,Small van
WATER SHIPMENT WATER CHEAP,Isothermal van
soda shipmlnt cheap,Isothermal van
ROOFING ORDER!!!,Tented truck
Sand logistics sand urgent,Dump truck
bulk xoda,Isothermal van
BULK MATERIAL DELIVERY MATERIAL CHEAP,Dump truck
roofing transport fast delivery,Tented truck
gravel shipment gravel urgent,Dump truck
Beverages transport!!!,Isothermal van
DRINKS DRINKZ!!!,Isothermal van
beer logystics urgent,Isothermal van
drinks!!!,Isothermal van
FURNITURE SUPPLY URGENT,Furniture van
PORK CHEAP,Refrigerator
YOGURT SUPPLY FAST DELIVERY,Refrigerator
Tables shipment!!!,Furniture van
Juice order premium,Isothermal van
plywood logistics urgent,Medium van
ICE CREAM SHIPMENT URGENT,Refrigerator
tshirts fast delivery,Small van
Monitors dplivery monitors cheap,Small van
TILES CARGO TILES CHEAP,Tented truck
fertilizer deldvery fast delivery,Dump truck
Vegetables supply premium,Refrigerator
Tuna delivery tuna urgent,Refrigerator
construction materials ordeq materials urgent,Tented truck
stowe supply fast delivery,Dump truck
BULK CONSTRUCTION MATQRIALS,Tented truck
bed cargz urgent,Furniture van
bulk spda soda cheap,Isothermal van
PHONES,Small van
Shrjmp transzort shrimp cheap,Refrigerator
beef delivery urgent,Refrigerator
bslk sofa fast delivery,Furniture van
PORK TRANSPORP URGENT,Refrigerator
Drinks premium,Isothermal van
STEEL ORDER!!!,Tented truck
wuice cargo,Isothermal van
Drywall cargo drywall!!!,Medium van
eiles shipmena!!!,Tented truck
tables delavery tables urgent,Furniture van
chicken caryo premium,Refrigerator
Beverages logistics,Isothermal van
DRIHKS SUPPLY DRINKS PREMIUM,Isothermal van
office furniture logistics premium,Furniture van
Tshirts shipment tshirts premium,Small van
ICE CREAM CARGO ICE PREMIUM,Refrigerator
MPLK TRANSPORT MILK,Refrigerator
beer cheap,Isothermal van
Chairs supply,Furniture van
stone transport cheap,Dump truck
BEER SHIPMENT,Isothermal van
brihks order!!!,Tented truck
CHAIRS TRANSPORT,Furniture van
gravel shipment urgent,Dump truck
bulk couch couch cheap,Furniture van
equipment order equipment cheap,Medium van
drinks supply cheap,Isothermal van
soda supply cheap,Isothermal van
STEEL CARGO STEEL PREMIUM,Tented truck
monitors shipment urgent,Small van
CLOTHES LOGISTICS CLOTHES!!!,Small van
Wood shipmznt fast delivery,Medium van
home furniture supply fast delivery,Furniture van
bulq gadgets fast delivery,Small van
tables delivery tables!!!,Furniture van
construction waste cargo premium,Dump truck
BEVERAGES CARGO PREMIUM,Isothermal van
Brlk watmr water premium,Isothermal van
construction materials iransport construction premium,Tented truck
Tiles cargo tiles!!!,Tented truck
frozen fruits urgent,Refrigerator
ready meals suppty premium,Refrigerator
Electronpcs delivery!!!,Small van
TEVERAGES CGRGO REVERAGES URGENT,Isothermal van
CONSTRUCTION WASTE TRANSPORT FAST DELIVERY,Dump truck
TILES SUPPLJ TILES CHEAP,Tented truck
FERTILIZER TRANSPORT URGENT,Dump truck
HOME FURNITURE SUPPLY CHEAP,Furniture van
FURNITURE CARGO,Furniture van
Protein products logistics!!!,Refrigerator
bricks supply bricks urgent,Tented truck
TABLETS DELIVERY TABLETS CHEAP,Small van
BULK GADGETS FAST DELIVERY,Small van
HETAL SHEETS FAST DELIVERY,Medium van
appliances order fast delivery,Medium van
PROTEIN PRODUCTS SUPPLY,Refrigerator
PORK LOGISTICS CHEAP,Refrigerator
Roofing shipment!!!,Tented truck
Frozen food cargo!!!,Refrigerator
CONSTRUCTION WASTF FAST DELIVERY,Dump truck
equipment,Medium van
ELECTRONICS,Small van
water delivery premium,Isothermal van
Butber logistics cheap,Refrigerator
FERTILIZER CARGO,Dump truck
SODA LOGISTICS URGENT,Isothermal van
couch cargo urgent,Furniture van
BULK FRDZEN VEGETABLES CHEAP,Refrigerator
construction materials delivery urgent,Tented truck
Soil shipmena cheap,Dump truck
beer cargo!!!,Isothermal van
COUCH DELIVERY CHEAP,Furniture van
CHAIRS TRANSPORT CHAIRS PREMIUM,Furniture van
beer cargo beer premium,Isothermal van
cement cargo premium,Medium van
clothes supply,Small van
soil logistics urgent,Dump truck
pork logistics premium,Refrigerator
graves transport urgent,Dump truck
SOXA SHIPMENT PREMIUM,Furniture van
SODA LOGISTICS!!!,Isothermal van
soil,Dump truck
Soda logistics fast delivery,Isothermal van
Couch lpgistics couch,Furniture van
ttone trknsport fast delivery,Dump truck
Bulk shoes zhoes urgent,Small van
Tiles cargo tkles!!!,Tented truck
office furniture grder office cheap,Furniture van
bulk roofing roofing!!!,Tented truck
COUCH SUPPLY CHEAP,Furniture van
kulk tablets,Small van
SOIL DELIVERY URGENT,Dump truck
pipes urgent,Medium van
bulk tura tuna urgent,Refrigerator
urinks supely drinks,Isothermal van
EQUIPMENT SUPPLY,Medium van
bulk conptruction waste cheap,Dump truck
roofing transport!!!,Tented truck
buld material delivery!!!,Dump truck
FERTILIZER DELIVERY,Dump truck
clothes order clothes!!!,Small van
sofa order cheap,Furniture van
Pjllets transport,Medium van
washing mafhines supply,Medium van
Turkey logisticy turkey urgent,Refrigerator
bulk tiles tiles premium,Tented truck
STONE LOGISTICS CHEAP,Dump truck
construction waste shipment construction fast delivery,Dump truck
drinks premium,Isothermal van
chairs order cheap,Furniture van
BRICKS LOGISTICS!!!,Tented truck
chairs supply cheap,Furniture van
shrimp supply shrimp urgent,Refrigerator
clothes cheap,Small van
Yvens transport fast delivery,Medium van
construction waste shipment,Dump truck
tertilizer cargo cheap,Dump truck
stone order,Dump truck
Cream,Refrigerator
water transport premium,Isothermal van
GRAVEL SUPPLY,Dump truck
Meat supply cheap,Refrigerator
Juice order juice fast delivery,Isothermal van
reedy meals cargo,Refrigerator
monitors monitors fast delivery,Small van
bulk furniture!!!,Furniture van
bulk furniture fast delivery,Furniture van
bulk smoes urgent,Small van
shoes transport shoes cheap,Small van
gadgeth orter!!!,Small van
Bulk steel!!!,Tented truck
stone order premium,Dump truck
cream delivery,Refrigerator
FURNITURE ORDER FURNITURE PREMIUM,Furniture van
PALLETS ORDER PALLETS,Medium van
water supply cheap,Isothermal van
BBLK APPLIANCES!!!,Medium van
Bulk sand sxnd!!!,Dump truck
water supply premium,Isothermal van
Beef cargo cheap,Refrigerator
Beverages shipment cheap,Isothermal van
wood supply premium,Medium van
BULK BEVERAGES!!!,Isothermal van
Couch shipyent,Furniture van
beer shipment!!!,Isothermal van
gravel delivery urgent,Dump truck
BULK SODA SODA CHEAP,Isothermal van
WATER SHIPMENT!!!,Isothermal van
bricks supply,Tented truck
Fisl delavery urgent,Refrigerator
cream transport premium,Refrigerator
FERTILBZER SUPPLS FERTILIZER FAST DELIVERY,Dump truck
Drywall cargo drywall fast delivery,Medium van
BEVERAGES TRANSPORT BEVERAGES!!!,Isothermal van
PC PZRTS SUPPLY URGENT,Small van
office furniture order!!!,Furniture van
chilled fojd supply urgent,Refrigerator
beverages order!!!,Isothermal van
fertilizer transport!!!,Dump truck
juice krder premium,Isothermal van
TABLETS DELIVERY CHEAP,Small van
Metal sheets suxply fast delivery,Medium van
Eome furniture shipment!!!,Furniture van
ROOFING SUPPLY CHEAP,Tented truck
Beverages transport premium,Isothermal van
Frozex fruits transport premium,Refrigerator
Tshirts shipment!!!,Small van
milk cargo fast delivery,Refrigerator
SODA TRANSPORT FAST DELIVERY,Isothermal van
construction materials shipment cheap,Tented truck
Bulk material logistics material urgent,Dump truck
construction waste supply urgent,Dump truck
HOME FURNITURE LOGISTICS CHEAP,Furniture van
SHRIMP LOGISTICS URGENT,Refrigerator
tablets suwply cheap,Small van
BEER!!!,Isothermal van
construction materials transport fast delivery,Tented truck
ready meals suaply urgent,Refrigerator
Office furniture order cheap,Furniture van
Construction materials transport fast delivery,Tented truck
laptops order!!!,Small van
gravel logistics urgent,Dump truck
SAND ORDER,Dump truck
BED URGENT,Furniture van
OOUCH COUCH URGENT,Furniture van
Rteel logistics steel,Tented truck
FERTILIZER TRANSPORT CHEAP,Dump truck
Steel logistics urgent,Tented truck
stone ordlr stone!!!,Dump truck
Tuhkey supply urgent,Refrigerator
BUPK TSHIRTS TSHIRTS!!!,Small van
ROOFING SUPPLY ROOFING CHEAP,Tented truck
SDND TRANSPORT CHEAP,Dump truck
drywall logistics fast delivery,Medium van
ROOFING DELIVERY CHEAP,Tented truck
STEEL CARGO,Tented truck
Gadgets transport fast delivery,Small van
perishable foob logistics food,Refrigerator
home furniture shipment!!!,Furniture van
Beverages cheap,Isothermal van
fresh meat,Refrigerator
frozen chicken,Refrigerator
beef delivery,Refrigerator
pork shipment,Refrigerator
fish cargo,Refrigerator
salmon delivery,Refrigerator
shrimp shipment,Refrigerator
milk transport,Refrigerator
cheese products,Refrigerator
yogurt cargo,Refrigerator
butter delivery,Refrigerator
ice cream shipment,Refrigerator
frozen vegetables,Refrigerator
frozen fruits,Refrigerator
berries delivery,Refrigerator
fresh vegetables,Refrigerator
fresh fruits,Refrigerator
ready meals,Refrigerator
prepared food,Refrigerator
chilled food,Refrigerator
perishable goods,Refrigerator
seafood transport,Refrigerator
tuna shipment,Refrigerator
chicken fillet,Refrigerator
beef steaks,Refrigerator
frozen fish,Refrigerator
ice cream cargo,Refrigerator
dairy products,Refrigerator
cream delivery,Refrigerator
frozen berries,Refrigerator
drinking water,Isothermal van
juice bottles,Isothermal van
soft drinks,Isothermal van
beer kegs,Isothermal van
soda delivery,Isothermal van
mineral water,Isothermal van
cold beverages,Isothermal van
juice shipment,Isothermal van
sparkling water,Isothermal van
energy drinks,Isothermal van
rice bags,Medium van
flour sacks,Medium van
sugar bags,Medium van
salt shipment,Medium van
pasta boxes,Small van
dry food cargo,Medium van
canned food,Medium van
canned vegetables,Medium van
snack boxes,Small van
chips delivery,Small van
biscuits shipment,Small van
chocolate cargo,Small van
coffee packages,Small van
tea boxes,Small van
dry groceries,Medium van
packaged food,Medium van
instant noodles,Small van
cereal boxes,Small van
grain shipment,Dump truck
bulk rice,Dump truck
bulk wheat,Dump truck
furniture delivery,Furniture van
sofa transport,Furniture van
bed shipment,Furniture van
wardrobe cargo,Furniture van
tables delivery,Furniture van
chairs transport,Furniture van
office furniture,Furniture van
home furniture,Furniture van
couch shipment,Furniture van
kitchen furniture,Furniture van
electronics delivery,Small van
laptops shipment,Small van
smartphones cargo,Small van
tablets delivery,Small van
pc components,Small van
monitors transport,Small van
gadgets shipment,Small van
small electronics,Small van
accessories cargo,Small van
phone boxes,Small van
building materials,Medium van
cement bags,Medium van
wood planks,Medium van
plywood sheets,Medium van
drywall panels,Medium van
metal pipes,Medium van
roofing sheets,Tented truck
bricks transport,Tented truck
tiles delivery,Tented truck
steel cargo,Tented truck
construction materials,Tented truck
sand delivery,Dump truck
gravel transport,Dump truck
stone cargo,Dump truck
soil shipment,Dump truck
fertilizer bulk,Dump truck
construction waste,Dump truck
bulk sand,Dump truck
bulk gravel,Dump truck
heavy soil,Dump truck
garden soil,Dump truck
washing machines,Medium van
ovens transport,Medium van
refrigerators appliances,Medium van
dishwashers shipment,Medium van
air conditioners,Medium van
industrial equipment,Medium van
pallet cargo,Medium van
warehouse goods,Medium van
retail stock,Medium van
supermarket delivery,Medium van
clothes boxes,Small van
t shirts cargo,Small van
shoes shipment,Small van
jackets delivery,Small van
textiles transport,Small van
fashion cargo,Small van
apparel shipment,Small van
garments boxes,Small van
mixed clothes,Small van
accessory shipment,Small van
frozen pizza,Refrigerator
frozen dumplings,Refrigerator
frozen snacks,Refrigerator
frozen meals,Refrigerator
frozen meat,Refrigerator
frozen seafood,Refrigerator
frozen shrimp,Refrigerator
frozen salmon,Refrigerator
frozen chicken,Refrigerator
frozen beef,Refrigerator
fresh fish,Refrigerator
fresh poultry,Refrigerator
fresh dairy,Refrigerator
fresh milk,Refrigerator
fresh cheese,Refrigerator
fresh yogurt,Refrigerator
fresh cream,Refrigerator
fresh butter,Refrigerator
organic food,Refrigerator
organic vegetables,Refrigerator
organic fruits,Refrigerator
bulk drinks,Isothermal van
bottled soda,Isothermal van
juice packs,Isothermal van
cold water,Isothermal van
beverage shipment,Isothermal van
beer delivery,Isothermal van
cola transport,Isothermal van
lemonade cargo,Isothermal van
tea drinks,Isothermal van
iced coffee,Isothermal van
rice delivery,Medium van
flour delivery,Medium van
sugar delivery,Medium van
salt delivery,Medium van
grain delivery,Dump truck
bulk grain,Dump truck
wheat cargo,Dump truck
corn shipment,Dump truck
dry pasta,Small van
dry rice,Medium van
dry beans,Medium van
dry lentils,Medium van
dry peas,Medium van
dry cereals,Small van
dry snacks,Small van
crackers shipment,Small van
cookies delivery,Small van
bakery dry goods,Small van
heavy furniture,Furniture van
large sofa,Furniture van
king bed,Furniture van
big wardrobe,Furniture van
office desks,Furniture van
conference tables,Furniture van
wood furniture,Furniture van
living room set,Furniture van
bedroom set,Furniture van
home moving,Furniture van
electronics cargo,Small van
computer shipment,Small van
tv delivery,Small van
audio equipment,Small van
video equipment,Small van
gaming consoles,Small van
network devices,Small van
routers shipment,Small van
cables boxes,Small van
tech accessories,Small van
construction tools,Small van
power tools,Small van
hand tools,Small van
repair kits,Small van
toolboxes,Small van
drilling machines,Small van
electric tools,Small van
industrial tools,Medium van
heavy tools,Medium van
machine parts,Medium van
equipment shipment,Medium van
cement delivery,Medium van
concrete mix,Medium van
steel beams,Tented truck
iron rods,Tented truck
roof panels,Tented truck
brick pallets,Tented truck
tile pallets,Tented truck
bulk stone,Dump truck
bulk soil,Dump truck
bulk fertilizer,Dump truck
bulk compost,Dump truck
bulk waste,Dump truck